id,name,tipo_equipo,marca,model,serial_no,motor,note,placa,anio,localizacion,codigo_activo,tipo_activo
1,4-01-001,AMBULANCIA.,TOYOTA,LAND CRUISER,HJ45LV-KC,H-90694,REGULAR,830451,1981,,4-01-001,VEHICULOS-TRANSPORTE
2,4-01-003,MICROBUS,HYUNDAI,HI MINI BUS,KMJWA37HACU347759,D4BHB014367,BUENA,726463,2011,,4-01-003,VEHICULOS-TRANSPORTE
3,4-01-004,MICROBUS,SUZUKI,,S-003,S/N,BUENA,823969,,,4-01-004,VEHICULOS-TRANSPORTE
4,4-01-005,CAMIONETA,TOYOTA,LAND CRUISER,S-004,S/N,BUENA,375714,,,4-01-005,VEHICULOS-TRANSPORTE
5,4-02-036,ARCOS ELECTR.,,,S-005,S/N,,SP,,,4-02-036,VEHICULOS-TRANSPORTE
6,4-02-037,ARCOS ELECTR.,MILLER,BOB CAT 225D,S-006,DEUTZ 150,BUENA,SP,,,4-02-037,VEHICULOS-TRANSPORTE
7,4-02-038,ARCOS ELECTR.,,,S-007,GASOLINA,,SP,,,4-02-038,VEHICULOS-TRANSPORTE
8,4-02-039,ARCOS ELECTR.,,,S-008,GASOLINA,,SP,,,4-02-039,VEHICULOS-TRANSPORTE
9,4-02-040,ARCOS ELECTR.,,,S-009,ELECX,,SP,,,4-02-040,VEHICULOS-TRANSPORTE
10,4-02-041,ARCOS ELECTR.,,,S-010,ELEC,,SP,,,4-02-041,VEHICULOS-TRANSPORTE
11,4-02-042,ARCOS ELECTR.,,,S-011,GASOLINA,,SP,,,4-02-042,VEHICULOS-TRANSPORTE
12,4-03-007,CICLONA,MFC,,S-012,NO TIENE,BUENA,SP,,,4-03-007,VEHICULOS-TRANSPORTE
13,4-03-010,ABONADORA,,,S-013,NO TIENE,,SP,,,4-03-010,VEHICULOS-TRANSPORTE
14,4-03-011,ABONADORA,,,S-014,NO TIENE,,SP,,,4-03-011,VEHICULOS-TRANSPORTE
15,4-03-015,ABONADORA,,SACN L-T,0306-5099,NO TIENE,,SP,,,4-03-015,VEHICULOS-TRANSPORTE
16,4-03-017,ABONADORA,,,S-016,NO TIENE,,SP,,,4-03-017,VEHICULOS-TRANSPORTE
17,4-03-019,ABONADORA,,2010,SURCAAB008,NO TIENE,BUENA,SP,2007,,4-03-019,VEHICULOS-TRANSPORTE
18,4-03-020,ABONADORA,,,S-018,S/N,,SP,,,4-03-020,VEHICULOS-TRANSPORTE
19,4-03-021,ABONADORA,,,S-019,S/N,,SP,,,4-03-021,VEHICULOS-TRANSPORTE
20,4-03-022,ABONADORA,,,S-020,S/N,,SP,,,4-03-022,VEHICULOS-TRANSPORTE
21,4-03-023,ABONADORA,,,S-021,S/N,,SP,,,4-03-023,VEHICULOS-TRANSPORTE
22,4-03-025,ABONADORA,,,S-022,S/N,,SP,,,4-03-025,VEHICULOS-TRANSPORTE
23,4-03-026,ABONADORA,,,S-023,S/N,,SP,,,4-03-026,VEHICULOS-TRANSPORTE
24,4-04-014,MOTOBOMBA,RAIMBOW,9000,9711,S/N,BUENA,SP,,,4-04-014,VEHICULOS-TRANSPORTE
25,4-04-015,MOTOBOMBA,,,9709,S/N,BUENA,SP,,,4-04-015,VEHICULOS-TRANSPORTE
26,4-04-016,MOTOBOMBA,,,S-026,S/N,BUENA,SP,,,4-04-016,VEHICULOS-TRANSPORTE
27,4-04-017,MOTOBOMBA,,,S-027,S/N,BUENA,SP,,,4-04-017,VEHICULOS-TRANSPORTE
28,4-04-018,MOTOBOMBA,,,S-028,S/N,,SP,,,4-04-018,VEHICULOS-TRANSPORTE
29,4-04-019,MOTOBOMBA,,,S-029,S/N,,SP,,,4-04-019,VEHICULOS-TRANSPORTE
30,4-05-001,APLIC. CACHAZA,DRIA,,S-030,S/N,BUENA,SP,,,4-05-001,VEHICULOS-TRANSPORTE
31,4-05-002,APLIC. CACHAZA,,,S-031,S/N,,SP,,,4-05-002,VEHICULOS-TRANSPORTE
32,4-06-001,BOMBA FUMIG.,JACTO,AM 12,2001,S/N,BUENA,SP,,,4-06-001,VEHICULOS-TRANSPORTE
33,4-06-002,BOMBA FUMIG.,JACTO,AM-14,310490,S/N,,SP,,,4-06-002,VEHICULOS-TRANSPORTE
34,4-06-003,BOMBA FUMIG.,,,S-034,S/N,,SP,,,4-06-003,VEHICULOS-TRANSPORTE
35,4-06-004,BOMBA FUMIG.,,,S-035,S/N,,SP,,,4-06-004,VEHICULOS-TRANSPORTE
36,4-06-005,BOMBA FUMIG.,,,S-036,S/N,,SP,,,4-06-005,VEHICULOS-TRANSPORTE
37,4-06-006,BOMBA FUMIG.,,,S-037,S/N,,SP,,,4-06-006,VEHICULOS-TRANSPORTE
38,4-06-007,BOMBA FUMIG.,,,S-038,S/N,,SP,,,4-06-007,VEHICULOS-TRANSPORTE
39,4-08003,TANQUE AGUA/C. MOT,,,S-039,S/N,,SP,,,4-08003,VEHICULOS-TRANSPORTE
40,4-08-004,TANQUE AGUA/C. MOT,,,S-040,S/N,BUENA ,SP,,,4-08-004,VEHICULOS-TRANSPORTE
41,4-08-005,TANQUE AGUA/C. MOT,,,S-041,S/N,BUENA ,SP,,,4-08-005,VEHICULOS-TRANSPORTE
42,4-08-006,TANQUE AGUA/C. MOT,,,S-042,S/N,,SP,,,4-08-006,VEHICULOS-TRANSPORTE
43,4-08-007,TANQUE AGUA/C. MOT,,,S-043,S/N,,SP,,,4-08-007,VEHICULOS-TRANSPORTE
44,4-10-002,AUTOBUS,INTERNATIONAL,3800,HTBBAANISH215218,S/N,BUENA ,830710,1995,,4-10-002,VEHICULOS-TRANSPORTE
45,4-10-003,AUTOBUS,INTERNATIONAL,3800,HVBBAANASH682379,S/N,BUENA ,830709,1995,,4-10-003,VEHICULOS-TRANSPORTE
46,4-10-019,AUTOBUS,INTERNATIONAL,,3726538006C2920N,S/N,BUENA,830455,1981,,4-10-019,VEHICULOS-TRANSPORTE
47,4-10-021,AUTOBUS,INTERNATIONAL,,1HVLNGM1FH41847,S/N,BUENA,SP,1991,,4-10-021,VEHICULOS-TRANSPORTE
48,4-10-022,AUTOBUS,FORD,,1FDXB80C2TVAC2546,S/N,BUENA,830449,1996,,4-10-022,VEHICULOS-TRANSPORTE
49,4-11-001,COMPRESOR,LISTER,BS649,7278LT129-09,S/N,BUENA,SP,1976,,4-11-001,VEHICULOS-TRANSPORTE
50,4-11-004,COMPRESOR,WESTINGHOUSE,K238,1332069,S/N,BUENA,SP,1976,,4-11-004,VEHICULOS-TRANSPORTE
51,4-11-005,COMPRESOR,WISCONSIN,,5631694,S/N,BUENA,SP,1976,,4-11-005,VEHICULOS-TRANSPORTE
52,4-11-007,COMPRESOR,WISCONSIN,,5831373,S/N,BUENA,SP,1976,,4-11-007,VEHICULOS-TRANSPORTE
53,4-11-008,COMPRESOR,QUINCY,,323-15-U,S/N,BUENA,SP,1976,,4-11-008,VEHICULOS-TRANSPORTE
54,4-11-009,COMPRESOR,WISCONSIN,,5631696,S/N,BUENA,SP,1976,,4-11-009,VEHICULOS-TRANSPORTE
55,4-11-011,COMPRESOR,QUINCY,VT-3169-106,3251621164,S/N,BUENA,SP,1976,,4-11-011,VEHICULOS-TRANSPORTE
56,4-11-014,COMPRESOR,WISCONSIN,,15825,S/N,BUENA,SP,1976,,4-11-014,VEHICULOS-TRANSPORTE
57,4-15-402,PLANTA ENGR.,CAMECO,,S-057,S/N,BUENA,SP,1977,,4-15-402,VEHICULOS-TRANSPORTE
58,4-15-403,PLANTA ENGR.,CAMECO,,S-058,S/N,BUENA,SP,1977,,4-15-403,VEHICULOS-TRANSPORTE
59,4-15-404,PLANTA ENGR.,CAMECO,,S-059,S/N,BUENA,SP,1977,,4-15-404,VEHICULOS-TRANSPORTE
60,4-15-405,PLANTA ENGR.,CAMECO,,S-060,S/N,BUENA,SP,1976,,4-15-405,VEHICULOS-TRANSPORTE
61,4-15-406,PLANTA ENGR.,CAMECO,,S-061,S/N,BUENA,SP,1976,,4-15-406,VEHICULOS-TRANSPORTE
62,4-15-407,PLANTA ENGR.,CAMECO,,S-062,S/N,BUENA,SP,1976,,4-15-407,VEHICULOS-TRANSPORTE
63,4-15-408,PLANTA ENGR.,,,S-063,S/N,,SP,,,4-15-408,VEHICULOS-TRANSPORTE
64,4-16-001,BOB CAT,,,S-064,S/N,,SP,,,4-16-001,VEHICULOS-TRANSPORTE
65,4-16-002,PAY LAOADER,,,S-065,S/N,,SP,,,4-16-002,VEHICULOS-TRANSPORTE
66,4-16-003,PAY LAOADER,,,S-066,S/N,,SP,,,4-16-003,VEHICULOS-TRANSPORTE
67,4-16-004,PAY LAOADER,,,S-067,S/N,,SP,,,4-16-004,VEHICULOS-TRANSPORTE
68,4-16-005,CANE STACKER,,,S-068,S/N,,SP,,,4-16-005,VEHICULOS-TRANSPORTE
69,4-16-006,CANE STACKER,,,S-069,S/N,,SP,,,4-16-006,VEHICULOS-TRANSPORTE
70,4-16-007,BOB CAT,,,S-070,S/N,,SP,,,4-16-007,VEHICULOS-TRANSPORTE
71,4-16-009,PAY LAOADER,,,S-071,S/N,,SP,,,4-16-009,VEHICULOS-TRANSPORTE
72,4-16-010,CANE STACKER,,,S-072,S/N,,SP,,,4-16-010,VEHICULOS-TRANSPORTE
73,4-16-011,PAY LAOADER,,,S-073,S/N,,SP,,,4-16-011,VEHICULOS-TRANSPORTE
74,4-16-012,PAY LAOADER,,,S-074,S/N,,SP,,,4-16-012,VEHICULOS-TRANSPORTE
75,4-21-001,CORTADORA DE CAÑA,,,S-075,S/N,Chatarreada,SP,,,4-21-001,VEHICULOS-TRANSPORTE
76,4-21-002,CORTADORA DE CAÑA,,,S-076,S/N,Chatarreada,SP,,,4-21-002,VEHICULOS-TRANSPORTE
77,4-21-003,CORTADORA DE CAÑA,,,S-077,S/N,Chatarreada,SP,,,4-21-003,VEHICULOS-TRANSPORTE
78,4-21-004,CORTADORA DE CAÑA,,,S-078,S/N,Chatarreada,SP,,,4-21-004,VEHICULOS-TRANSPORTE
79,4-22-001,COSECHADORA COMBINADA.,CASE INTERNAT.,AUSTOFT 7700,6H9F79047W2EY4084,6HZ2670,Chatarreada,SP,1998,,4-22-001,VEHICULOS-TRANSPORTE
80,4-22-002,COSECHADORA COMBINADA.,CASE INTERNAT.,AUSTOFT 7700,6H9F79178X2EY4080,6HZ29508,Chatarreada,SP,1999,,4-22-002,VEHICULOS-TRANSPORTE
81,4-22-003,COSECHADORA COMBINADA.,CASE INTERNAT.,AUSTOFT 7700,6H9F79177X2EY4079,6HZ29510,Chatarreada,SP,1999,,4-22-003,VEHICULOS-TRANSPORTE
82,4-22-004,COSECHADORA COMBINADA.,CASE INTERNAT.,AUSTOFT 7700,S-082,S/N,Regular,SP,2008,,4-22-004,VEHICULOS-TRANSPORTE
83,4-22-005,COSECHADORA COMBINADA.,CASE INTERNAT.,AUSTOFT 7700,S-083,S/N,BUENA,SP,,,4-22-005,VEHICULOS-TRANSPORTE
84,4-22-006,COSECHADORA COMBINADA.,CASE INTERNAT.,,S-084,S/N,BUENA,SP,,,4-22-006,VEHICULOS-TRANSPORTE
85,4-22-007,COSECHADORA COMBINADA.,CASE INTERNAT.,,S-085,S/N,BUENA,SP,,,4-22-007,VEHICULOS-TRANSPORTE
86,4-22-008,COSECHADORA COMBINADA.,CASE INTERNAT.,,S-086,S/N,BUENA,SP,,,4-22-008,VEHICULOS-TRANSPORTE
87,4-22-009,COSECHADORA COMBINADA.,CASE INTERNAT.,,S-087,S/N,BUENA,SP,,,4-22-009,VEHICULOS-TRANSPORTE
88,4-22-010,COSECHADORA COMBINADA.,CASE INTERNAT.,,S-088,S/N,BUENA,SP,,,4-22-010,VEHICULOS-TRANSPORTE
89,4-22-011,COSECHADORA COMBINADA.,CASE INTERNAT.,,S-089,S/N,BUENA,SP,,,4-22-011,VEHICULOS-TRANSPORTE
90,4-22-012,COSECHADORA COMBINADA.,CASE INTERNAT.,,S-090,S/N,BUENA,SP,,,4-22-012,VEHICULOS-TRANSPORTE
91,4-22-013,COSECHADORA COMBINADA.,CASE INTERNAT.,,S-091,S/N,BUENA,SP,,,4-22-013,VEHICULOS-TRANSPORTE
92,4-24-007,CAMION V.,INTERNATIONAL,A15,S-092,467TM2U128767,REGULAR,830460,1980,,4-24-007,VEHICULOS-TRANSPORTE
93,4-27-064,PICK UP,ISUZU ,KB DIESEL,JAATFR54HV9102972,344635,BUENA,830434,1997,,4-27-064,VEHICULOS-TRANSPORTE
94,4-27-069,PICK UP,TOYOTA,HI LUX,JTFDE626400050768,3L5008205,BUENA,236607,2001,,4-27-069,VEHICULOS-TRANSPORTE
95,4-27-070,PICK UP,TOYOTA,HI LUX,JFTDE626500050763,3L5008991,BUENA,SP,2001,,4-27-070,VEHICULOS-TRANSPORTE
96,4-27-075,PICK UP,TOYOTA,HI LUX,314810062,IN1660031885,BUENA,804899,2000,,4-27-075,VEHICULOS-TRANSPORTE
97,4-27-076,PICK UP,TOYOTA,HI LUX,S-097,3L4356930,BUENA,363551,1998,,4-27-076,VEHICULOS-TRANSPORTE
98,4-27-078,PICK UP,ISUZU,KB TFR54H-00,JAATFR54HY7100190,641985,BUENA,365318,2000,,4-27-078,VEHICULOS-TRANSPORTE
99,4-27-081,PICK UP D/CAB.,TOYOTA,HI LUX,S-099,S/N,,847822,,,4-27-081,VEHICULOS-TRANSPORTE
100,4-27-083,PICK UP ,,,S-100,S/N,,772397,,,4-27-083,VEHICULOS-TRANSPORTE
101,4-27-085,PICK UP ,ISUZU,,S-101,S/N,BUENA,830741,2012,,4-27-085,VEHICULOS-TRANSPORTE
102,4-27-086,PICK UP ,ISUZU,,S-102,S/N,BUENA,830742,2012,,4-27-086,VEHICULOS-TRANSPORTE
103,4-27-087,PICK UP D/CAB.,ISUZU,,S-103,S/N,BUENA,830744,2012,,4-27-087,VEHICULOS-TRANSPORTE
104,4-27-088,PICK UP ,ISUZU,,S-104,S/N,BUENA,830743,2012,,4-27-088,VEHICULOS-TRANSPORTE
105,4-27-089,PICK UP ,,,S-105,S/N,,831958,,,4-27-089,VEHICULOS-TRANSPORTE
106,4-27-090,PICK UP ,,,S-106,S/N,,831957,,,4-27-090,VEHICULOS-TRANSPORTE
107,4-27-091,PICK UP ,,,S-107,S/N,,830757,,,4-27-091,VEHICULOS-TRANSPORTE
108,4-27-092,HATCHBACK,HYUNDAI,,S-108,S/N,BUENA,BC0569,,,4-27-092,VEHICULOS-TRANSPORTE
109,4-27-093,PICK UP ,,,S-109,S/N,,BB3106,,,4-27-093,VEHICULOS-TRANSPORTE
110,4-27-094,PICK UP ,,,S-110,S/N,,BA1013,,,4-27-094,VEHICULOS-TRANSPORTE
111,4-27-095,PICK UP ,ISUZU,,S-111,S/N,BUENA,BB3107,,,4-27-095,VEHICULOS-TRANSPORTE
112,4-27-096,PICK UP ,ISUZU,,S-112,S/N,BUENA,BB3108,,,4-27-096,VEHICULOS-TRANSPORTE
113,4-27-097,PICK UP ,,,S-113,S/N,,SP,,,4-27-097,VEHICULOS-TRANSPORTE
114,4-27-098,PICK UP ,,,S-114,S/N,,SP,,,4-27-098,VEHICULOS-TRANSPORTE
115,4-27-099,PICK UP ,,,S-115,S/N,,SP,,,4-27-099,VEHICULOS-TRANSPORTE
116,4-29-001,VAGONETA,FONTAINE,,S-116,S/N,BUENA,SP,1978,,4-29-001,VEHICULOS-TRANSPORTE
117,4-29-003,VAGONETA,FONTAINE,C1236,TFT65197,S/N,BUENA,SP,1981,,4-29-003,VEHICULOS-TRANSPORTE
118,4-29-004,VAGONETA,FRUEHAUF,,S-118,S/N,BUENA,SP,1977,,4-29-004,VEHICULOS-TRANSPORTE
119,4-29-009,VAGONETA,FRUEHAUF,,S-119,S/N,BUENA,SP,1981,,4-29-009,VEHICULOS-TRANSPORTE
120,4-30-060,SEMBRADORA,CASE INT.,,S-120,S/N,BUENA,SP,,,4-30-060,VEHICULOS-TRANSPORTE
121,4-31-001,GRAB LOADER,CAMECO,SP 1800,1446,S/N,REGULAR,SP,1977,,4-31-001,VEHICULOS-TRANSPORTE
122,4-31-002,GRAB LOADER,CAMECO,SP 1800,S-122,S/N,,SP,,,4-31-002,VEHICULOS-TRANSPORTE
123,4-31-003,GRAB LOADER,CAMECO,SP 1800,S-123,S/N,REGULAR,SP,1977,,4-31-003,VEHICULOS-TRANSPORTE
124,4-31-005,GRAB LOADER,CAMECO,SP 1800,1467,S/N,REGULAR,SP,1977,,4-31-005,VEHICULOS-TRANSPORTE
125,4-31-006,GRAB LOADER,CAMECO,SP 1800,S-125,S/N,REGULAR,SP,,,4-31-006,VEHICULOS-TRANSPORTE
126,4-31-011,GRAB LOADER,CAMECO,SP 1800,S-126,3304PC2175,REGULAR,SP,1983,,4-31-011,VEHICULOS-TRANSPORTE
127,4-31-012,GRAB LOADER,CAMECO,SP 1800,S-127,3304PC2176,REGULAR,SP,1983,,4-31-012,VEHICULOS-TRANSPORTE
128,4-32-001,GRUA ,NISSAN TADANO,UD,10E05484,S/N,REGULAR,830459,1975,,4-32-001,VEHICULOS-TRANSPORTE
129,4-32-002,GRUA ORUGA,LINK BELT,,S-129,S/N,REGULAR,830461,,,4-32-002,VEHICULOS-TRANSPORTE
130,4-32-003,GRUA ,TEREK,,S-130,S/N,,SP,,,4-32-003,VEHICULOS-TRANSPORTE
131,4-35-001,LIMPIADOR,,,S-131,S/N,BUENA ,SP,1977,,4-35-001,VEHICULOS-TRANSPORTE
132,4-35-002,CULTIVADOR,,,S-132,S/N,MALA,SP,1977,,4-35-002,VEHICULOS-TRANSPORTE
133,4-35-004,LIMPIADOR,,,S-133,S/N,BUENA ,SP,1977,,4-35-004,VEHICULOS-TRANSPORTE
134,4-35-005,LIMPIADOR,MGB,,S-134,S/N,BUENA ,SP,,,4-35-005,VEHICULOS-TRANSPORTE
135,4-35-006,LIMPIADOR,MGB,,S-135,S/N,BUENA ,SP,,,4-35-006,VEHICULOS-TRANSPORTE
136,4-35-007,LIMPIADOR,MGB,,S-136,S/N,BUENA ,SP,,,4-35-007,VEHICULOS-TRANSPORTE
137,4-36-001,CAMA BAJA,LOW BAY,,S-137,S/N,REGULAR,SP,1976,,4-36-001,VEHICULOS-TRANSPORTE
138,4-36-002,CAMA BAJA,BIRMINGHAN,,S-138,S/N,REGULAR,SP,1976,,4-36-002,VEHICULOS-TRANSPORTE
139,4-36-003,CAMA ALTA,CAMECO,,S-139,S/N,BUENA ,SP,1981,,4-36-003,VEHICULOS-TRANSPORTE
140,4-36-004,CAMA ALTA,BIRMINGHAN,,S-140,S/N,BUENA ,SP,1981,,4-36-004,VEHICULOS-TRANSPORTE
141,4-36-005,CAMA BAJA,PROPIA,S/N,S-141,S/N,BUENA ,SP,,,4-36-005,VEHICULOS-TRANSPORTE
142,4-37-001,MOTONIVELADORA,CATERPILLAR,,S-142,S/N,,SP,,,4-37-001,VEHICULOS-TRANSPORTE
143,4-37-002,MOTONIVELADORA,CATERPILLAR,2-CG,87V1849,78P29003,BUENA,SP,1976,,4-37-002,VEHICULOS-TRANSPORTE
144,4-39-004,RASTRA,TOWNER,,CW425CF,S/N,REGULAR,SP,1976,,4-39-004,VEHICULOS-TRANSPORTE
145,4-39-006,RASTRA,ROME,,BW225AF,S/N,REGULAR,SP,1976,,4-39-006,VEHICULOS-TRANSPORTE
146,4-39-008,RASTRA,ROME,,BTAN1733,S/N,REGULAR,SP,1976,,4-39-008,VEHICULOS-TRANSPORTE
147,4-39-011,RASTRA,,,12TWC-709,S/N,REGULAR,SP,1976,,4-39-011,VEHICULOS-TRANSPORTE
148,4-39-012,RASTRA,ROME,,8TAW-1723,S/N,REGULAR,SP,1976,,4-39-012,VEHICULOS-TRANSPORTE
149,4-39-013,RASTRA,BALDAN,CRSGL,2402030029,N/T,BUENA,SP,,,4-39-013,VEHICULOS-TRANSPORTE
150,4-39-014,RASTRA,,,S-150,S/N,,SP,,,4-39-014,VEHICULOS-TRANSPORTE
151,4-41-001,RETROEXCAVADORA,CATAERPILLAR,416 C,4ZN18130,9RM03107,BUENA,SP,2000,,4-41-001,VEHICULOS-TRANSPORTE
152,4-41-002,MINI CARGADOR,,,S-152,S/N,,SP,,,4-41-002,VEHICULOS-TRANSPORTE
153,4-41-003,PALA,,,S-153,S/N,,SP,,,4-41-003,VEHICULOS-TRANSPORTE
154,4-46-001,TRANSPORTADOR,PHILADELPHIA,SHL2,516027,-,REGULAR,SP,1977,,4-46-001,VEHICULOS-TRANSPORTE
155,4-46-002,TRANSPORTADOR,PHILADELPHIA,SHL2,506028,-,REGULAR,SP,1977,,4-46-002,VEHICULOS-TRANSPORTE
156,4-47-001,TRITURADORA,BEAST,,S-156,S/N,,SP,,,4-47-001,VEHICULOS-TRANSPORTE
157,4-48-001,SURCADORES,RAMSEMES F.,-,S-157,-,REGULAR,SP,1976,,4-48-001,VEHICULOS-TRANSPORTE
158,4-48-002,SURCADORES,RAMSEMES F.,-,S-158,-,REGULAR,SP,1976,,4-48-002,VEHICULOS-TRANSPORTE
159,4-48-003,SURCADORES,RAMSEMES F.,-,S-159,-,REGULAR,SP,1976,,4-48-003,VEHICULOS-TRANSPORTE
160,4-48-004,SURCADORES,RAMSEMES F.,-,S-160,-,REGULAR,SP,1976,,4-48-004,VEHICULOS-TRANSPORTE
161,4-48-005,SURCADORES,RAMSEMES F.,-,S-161,-,REGULAR,SP,1976,,4-48-005,VEHICULOS-TRANSPORTE
162,4-48-006,APORCADOR,,,S-162,S/N,,SP,,,4-48-006,VEHICULOS-TRANSPORTE
163,4-49-032,CABEZAL MULA,INTERNATIONAL,COF9670,1HSRDDTR06HB21745,11349915,REGULAR,830461,1996,,4-49-032,VEHICULOS-TRANSPORTE
164,4-49-035,CABEZAL MULA,INTERNATIONAL,COF9670,1HSDJNR1GHB13292,11300480,REGULAR,SP,1996,,4-49-035,VEHICULOS-TRANSPORTE
165,4-49-037,CABEZAL MULA,INTERNATIONAL,COF9670,1HSRDJNRXGHHB12898,11300770,BUENA,830490,1996,,4-49-037,VEHICULOS-TRANSPORTE
166,4-49-039,CABEZAL MULA,INTERNATIONAL,COF9670,1HSRDJNR1GHB13566,11305041,REGULAR,830486,1996,,4-49-039,VEHICULOS-TRANSPORTE
167,4-49-040,CABEZAL MULA,INTERNATIONAL,,2HSFHAMR9TC091890,06R0241985,BUENA,830647,1996,,4-49-040,VEHICULOS-TRANSPORTE
168,4-49-041,CABEZAL MULA,INTERNATIONAL,,2HSFHAMR3TC091853,06R0271749,BUENA,830657,1996,,4-49-041,VEHICULOS-TRANSPORTE
169,4-50-001,CAMION,MACK,TK,R685T70586,239GB5358B,REGULAR,830467,1979,,4-50-001,VEHICULOS-TRANSPORTE
170,4-50-002,CAMION,,,S-170,S/N,,SP,,,4-50-002,VEHICULOS-TRANSPORTE
171,4-50-011,CAMION,INTERNATIONAL,,A15732,A157132222,REGULAR,830468,1980,,4-50-011,VEHICULOS-TRANSPORTE
172,4-50-013,CAMION,HIUNDAY,MIGHTY,KMEGA17FPRH,D4AFS1002082,REGULAR,742749,1996,,4-50-013,VEHICULOS-TRANSPORTE
173,4-50-014,CAMION,TOYOTA,DYNA 400,HJ47LPK,14B1469748,BUENA,742749,1997,,4-50-014,VEHICULOS-TRANSPORTE
174,4-50-015,CAMION,TOYOTA,DYNA ,BU2210001858,14B1573851,BUENA,SP,1999,,4-50-015,VEHICULOS-TRANSPORTE
175,4-50-016,CAMION,INTERNATIONAL,S1900,1HTLDZZN4JH590181,468TM2U53,BUENA,830547,1988,,4-50-016,VEHICULOS-TRANSPORTE
176,4-50-019,CAMION,ISUZU,NQR71P-02,JAAN1R71P67100093,271390,BUENA,830639,2006,,4-50-019,VEHICULOS-TRANSPORTE
177,4-50-020,CAMION,,,S-177,S/N,,959774,,,4-50-020,VEHICULOS-TRANSPORTE
178,4-50-021,CAMION,,,S-178,S/N,,BB0311,,,4-50-021,VEHICULOS-TRANSPORTE
179,4-50-022,CAMION,,,S-179,S/N,,BL1257,,,4-50-022,VEHICULOS-TRANSPORTE
180,4-50-023,CAMION,,,S-180,S/N,,BA7762,,,4-50-023,VEHICULOS-TRANSPORTE
181,4-50-024,CAMION PEQUEÑO PITUFO,,,S-181,S/N,,SP,,,4-50-024,VEHICULOS-TRANSPORTE
182,4-52-005,TANQUE DE AGUA,PROPIA,S/M.,S-182,S/N,REGULAR,SP,1976,,4-52-005,VEHICULOS-TRANSPORTE
183,4-53-001,TORNO,LONSINGT,,S-183,S/N,,SP,,,4-53-001,VEHICULOS-TRANSPORTE
184,4-53-002,TORNO,LANSING-G30,11777,S-184,S/N,,SP,,,4-53-002,VEHICULOS-TRANSPORTE
185,4-53-003,TALADRO IND.,MACHINERY,,S-185,S/N,,SP,,,4-53-003,VEHICULOS-TRANSPORTE
186,4-53-004,TALADRO IND.,DRAKE,50H,172330,S/N,,SP,,,4-53-004,VEHICULOS-TRANSPORTE
187,4-53-005,PRENSA HID.,BRIDGEBURT,J227436,5368,S/N,,SP,,,4-53-005,VEHICULOS-TRANSPORTE
188,4-53-006,CORTADORA,SPEED SAW,LF302,18811,S/N,,SP,1979,,4-53-006,VEHICULOS-TRANSPORTE
189,4-53-007,CEPILLADORA,,R 900 II,7156,S/N,,SP,1983,,4-53-007,VEHICULOS-TRANSPORTE
190,4-54-001,ZANJADOR,TOWNER,,S-190,S/N,,SP,1978,,4-54-001,VEHICULOS-TRANSPORTE
191,4-56-001,CULTIVADOR,STARA SFIL,ASA 5R,04/10252,S/N,BUENA,SP,,,4-56-001,VEHICULOS-TRANSPORTE
192,4-58-001,MONTACARGAS,CATERPILLAR,AH 40,85R243,S/N,BUENA,SP,1977,,4-58-001,VEHICULOS-TRANSPORTE
193,4-58-002,MONTACARGAS,TAYLOR,,S-193,S/N,BUENA,SP,,,4-58-002,VEHICULOS-TRANSPORTE
194,4-58-003,MONTACARGAS,TAYLOR,,85R249,S/N,REGULAR,SP,1977,,4-58-003,VEHICULOS-TRANSPORTE
195,4-58-004,MONTACARGAS,CATERPILLAR,AH 40,85R246,S/N,REGULAR,SP,1977,,4-58-004,VEHICULOS-TRANSPORTE
196,4-58-005,MONTACARGAS,CATERPILLAR,AH 40,85R244,S/N,REGULAR,SP,1977,,4-58-005,VEHICULOS-TRANSPORTE
197,4-58-006,MONTACARGAS,TAYLOR,,S-197,S/N,,SP,,,4-58-006,VEHICULOS-TRANSPORTE
198,4-58-007,MONTACARGAS,CATERPILLAR,AH 40,85R251,S/N,REGULAR,SP,1977,,4-58-007,VEHICULOS-TRANSPORTE
199,4-58-008,MONTACARGAS,CATERPILLAR,VC 60C,90W00435,S/N,REGULAR,SP,1981,,4-58-008,VEHICULOS-TRANSPORTE
200,4-58-009,MONTACARGAS,TAYLOR,,333118T,S/N,REGULAR,SP,,,4-58-009,VEHICULOS-TRANSPORTE
201,4-58-010,MONTACARGAS,CATERPILLAR,,3CM10568,S/N,BUENA,SP,1997,,4-58-010,VEHICULOS-TRANSPORTE
202,4-58-011,MONTACARGAS,CATERPILLAR,,S-202,S/N,BUENA,SP,,,4-58-011,VEHICULOS-TRANSPORTE
203,4-58-012,MONTACARGAS,,,S-203,S/N,,SP,,,4-58-012,VEHICULOS-TRANSPORTE
204,4-58-013,MONTACARGAS,,,S-204,S/N,,SP,,,4-58-013,VEHICULOS-TRANSPORTE
205,4-64-002,CHAPEADORA,,,S-205,S/N,,SP,,,4-64-002,VEHICULOS-TRANSPORTE
206,4-64-003,CHAPEADORA,,,S-206,S/N,,SP,,,4-64-003,VEHICULOS-TRANSPORTE
207,4-72-002,CHASSIS,CAMECO,PB250,S-207,-,REGULAR,SP,1977,,4-72-002,VEHICULOS-TRANSPORTE
208,4-72-003,CHASSIS,CAMECO,PB250,S-208,-,REGULAR,SP,1977,,4-72-003,VEHICULOS-TRANSPORTE
209,4-72-004,CHASSIS,CAMECO,PB250,S-209,-,REGULAR,SP,1977,,4-72-004,VEHICULOS-TRANSPORTE
210,4-72-005,CHASSIS,CAMECO,PB250,S-210,-,REGULAR,SP,1977,,4-72-005,VEHICULOS-TRANSPORTE
211,4-72-010,CHASSIS,CAMECO,PB250,S-211,S/N,REGULAR,SP,1977,,4-72-010,VEHICULOS-TRANSPORTE
212,4-72-019,CHASSIS,CAMECO,PB250,S-212,S/N,,SP,,,4-72-019,VEHICULOS-TRANSPORTE
213,4-72-020,CHASSIS,CAMECO,PB250,S-213,-,REGULAR,SP,1977,,4-72-020,VEHICULOS-TRANSPORTE
214,4-72-032,CHASSIS,CAMECO,PB250,S-214,-,REGULAR,SP,1977,,4-72-032,VEHICULOS-TRANSPORTE
216,4-72-040,CHASSIS,CAMECO,PB250,S-216,-,REGULAR,SP,1977,,4-72-040,VEHICULOS-TRANSPORTE
217,4-72-041,CHASSIS,CAMECO,PB250,S-217,-,REGULAR,SP,1977,,4-72-041,VEHICULOS-TRANSPORTE
218,4-72-042,CHASSIS,CAMECO,PB250,S-218,-,REGULAR,SP,1977,,4-72-042,VEHICULOS-TRANSPORTE
219,4-72-043,CHASSIS,CAMECO,PB250,S-219,-,REGULAR,SP,1977,,4-72-043,VEHICULOS-TRANSPORTE
220,4-72-044,CHASSIS,CAMECO,PB250,S-220,S/N,REGULAR,SP,1977,,4-72-044,VEHICULOS-TRANSPORTE
221,4-72-045,CHASSIS,CAMECO,PB250,S-221,-,REGULAR,SP,1977,,4-72-045,VEHICULOS-TRANSPORTE
222,4-72-048,CHASSIS,CAMECO,PB250,S-222,-,REGULAR,SP,1977,,4-72-048,VEHICULOS-TRANSPORTE
223,4-72-052,CHASSIS,CAMECO,PB250,S-223,S/N,,SP,,,4-72-052,VEHICULOS-TRANSPORTE
224,4-72-053,CHASSIS,CAMECO,PB250,S-224,-,REGULAR,SP,1977,,4-72-053,VEHICULOS-TRANSPORTE
225,4-72-057,CHASSIS,VANGUARD,PB250,S-225,-,REGULAR,SP,1981,,4-72-057,VEHICULOS-TRANSPORTE
226,4-72-059,CHASSIS,VANGUARD,PB250,S-226,S/N,REGULAR,SP,1981,,4-72-059,VEHICULOS-TRANSPORTE
227,4-72-060,CHASSIS,VANGUARD,PB250,S-227,-,REGULAR,SP,1981,,4-72-060,VEHICULOS-TRANSPORTE
228,4-72-061,CHASSIS,VANGUARD,PB250,S-228,S/N,REGULAR,SP,1981,,4-72-061,VEHICULOS-TRANSPORTE
229,4-72-063,CHASSIS,VANGUARD,PB250,S-229,-,REGULAR,SP,1981,,4-72-063,VEHICULOS-TRANSPORTE
230,4-72-064,CHASSIS,VANGUARD,PB250,S-230,S/N,REGULAR,SP,1981,,4-72-064,VEHICULOS-TRANSPORTE
231,4-72-066,CHASSIS,VANGUARD,PB250,S-231,-,REGULAR,SP,1981,,4-72-066,VEHICULOS-TRANSPORTE
232,4-72-067,CHASSIS,VANGUARD,PB250,S-232,S/N,,SP,,,4-72-067,VEHICULOS-TRANSPORTE
233,4-72-069,CHASSIS,VANGUARD,PB250,S-233,-,REGULAR,SP,1981,,4-72-069,VEHICULOS-TRANSPORTE
234,4-72-070,CHASSIS,VANGUARD,PB250,S-234,-,REGULAR,SP,1981,,4-72-070,VEHICULOS-TRANSPORTE
235,4-72-072,CHASSIS,VANGUARD,PB250,S-235,-,REGULAR,SP,1981,,4-72-072,VEHICULOS-TRANSPORTE
236,4-72-074,CHASSIS,VANGUARD,PB250,S-236,-,REGULAR,SP,1981,,4-72-074,VEHICULOS-TRANSPORTE
237,4-72-075,CHASSIS,VANGUARD,PB250,S-237,-,REGULAR,SP,1981,,4-72-075,VEHICULOS-TRANSPORTE
238,4-72-076,CHASSIS,VANGUARD,PB250,S-238,S/N,REGULAR,SP,1981,,4-72-076,VEHICULOS-TRANSPORTE
239,4-72-079,CHASSIS,VANGUARD,PB250,S-239,S/N,,SP,,,4-72-079,VEHICULOS-TRANSPORTE
240,4-72-080,CHASSIS,VANGUARD,PB250,S-240,S/N,,SP,,,4-72-080,VEHICULOS-TRANSPORTE
241,4-72-081,CHASSIS,VANGUARD,PB250,S-241,S/N,REGULAR,SP,1981,,4-72-081,VEHICULOS-TRANSPORTE
242,4-72-083,CHASSIS,VANGUARD,PB250,S-242,-,REGULAR,SP,1981,,4-72-083,VEHICULOS-TRANSPORTE
243,4-72-084,CHASSIS,VANGUARD,PB250,S-243,S/N,,SP,,,4-72-084,VEHICULOS-TRANSPORTE
244,4-72-085,CHASSIS,VANGUARD,PB250,S-244,S/N,,SP,,,4-72-085,VEHICULOS-TRANSPORTE
245,4-72-089,CHASSIS,VANGUARD,PB250,S-245,-,REGULAR,SP,1981,,4-72-089,VEHICULOS-TRANSPORTE
246,4-72-090,CHASSIS,VANGUARD,PB250,S-246,S/N,,SP,,,4-72-090,VEHICULOS-TRANSPORTE
247,4-72-091,CHASSIS,VANGUARD,PB250,S-247,-,REGULAR,SP,1981,,4-72-091,VEHICULOS-TRANSPORTE
248,4-72-092,CHASSIS,VANGUARD,PB250,S-248,-,REGULAR,SP,1981,,4-72-092,VEHICULOS-TRANSPORTE
249,4-72-093,CHASSIS,VANGUARD,PB250,S-249,-,REGULAR,SP,1981,,4-72-093,VEHICULOS-TRANSPORTE
250,4-72-094,CHASSIS,VANGUARD,PB250,S-250,S/N,,SP,,,4-72-094,VEHICULOS-TRANSPORTE
251,4-72-095,CHASSIS,VANGUARD,PB250,S-251,-,REGULAR,SP,1981,,4-72-095,VEHICULOS-TRANSPORTE
252,4-72-096,CHASSIS,VANGUARD,PB250,S-252,-,REGULAR,SP,1981,,4-72-096,VEHICULOS-TRANSPORTE
253,4-72-098,CHASSIS,VANGUARD,PB250,S-253,-,REGULAR,SP,1981,,4-72-098,VEHICULOS-TRANSPORTE
254,4-72-099,CHASSIS,VANGUARD,PB250,S-254,-,REGULAR,SP,1981,,4-72-099,VEHICULOS-TRANSPORTE
255,4-72-101,CHASSIS,VANGUARD,PB250,S-255,S/N,,SP,,,4-72-101,VEHICULOS-TRANSPORTE
256,4-72-102,CHASSIS,VANGUARD,PB250,S-256,-,REGULAR,SP,1981,,4-72-102,VEHICULOS-TRANSPORTE
257,4-72-103,CHASSIS,VANGUARD,PB250,S-257,-,REGULAR,SP,1981,,4-72-103,VEHICULOS-TRANSPORTE
258,4-72-104,CHASSIS,VANGUARD,PB250,S-258,S/N,,SP,,,4-72-104,VEHICULOS-TRANSPORTE
259,4-73-001,CHASSIS,CAMECO,HT 200,S-259,-,REGULAR,SP,1977,,4-73-001,VEHICULOS-TRANSPORTE
260,4-73-002,CHASSIS,CAMECO,HT 200,S-260,-,REGULAR,SP,1977,,4-73-002,VEHICULOS-TRANSPORTE
261,4-73-003,CHASSIS,CAMECO,HT 200,S-261,-,REGULAR,SP,1977,,4-73-003,VEHICULOS-TRANSPORTE
262,4-73-004,CHASSIS,CAMECO,HT 200,S-262,-,REGULAR,SP,1977,,4-73-004,VEHICULOS-TRANSPORTE
263,4-73-005,CHASSIS,CAMECO,HT 200,S-263,-,REGULAR,SP,1977,,4-73-005,VEHICULOS-TRANSPORTE
264,4-73-006,CHASSIS,CAMECO,HT 200,S-264,-,REGULAR,SP,1977,,4-73-006,VEHICULOS-TRANSPORTE
265,4-73-007,CHASSIS,CAMECO,HT 200,S-265,-,REGULAR,SP,1977,,4-73-007,VEHICULOS-TRANSPORTE
266,4-73-008,CHASSIS,CAMECO,HT 200,S-266,-,REGULAR,SP,1977,,4-73-008,VEHICULOS-TRANSPORTE
267,4-73-009,CHASSIS,CAMECO,HT 200,S-267,-,REGULAR,SP,1977,,4-73-009,VEHICULOS-TRANSPORTE
268,4-73-010,CHASSIS,CAMECO,HT 200,S-268,-,REGULAR,SP,1977,,4-73-010,VEHICULOS-TRANSPORTE
269,4-73-011,CHASSIS,CAMECO,HT 200,S-269,-,REGULAR,SP,1977,,4-73-011,VEHICULOS-TRANSPORTE
270,4-73-012,CHASSIS,CAMECO,HT 200,S-270,-,REGULAR,SP,1977,,4-73-012,VEHICULOS-TRANSPORTE
271,4-73-013,CHASSIS,CAMECO,HT 200,S-271,-,REGULAR,SP,1977,,4-73-013,VEHICULOS-TRANSPORTE
272,4-73-014,CHASSIS,CAMECO,HT 200,S-272,-,REGULAR,SP,1977,,4-73-014,VEHICULOS-TRANSPORTE
273,4-73-015,CHASSIS,CAMECO,HT 200,S-273,-,REGULAR,SP,1977,,4-73-015,VEHICULOS-TRANSPORTE
274,4-73-016,CHASSIS,CAMECO,HT 200,S-274,-,REGULAR,SP,1977,,4-73-016,VEHICULOS-TRANSPORTE
275,4-73-017,CHASSIS,CAMECO,HT 200,S-275,S/N,REGULAR,SP,1977,,4-73-017,VEHICULOS-TRANSPORTE
276,4-73-018,CHASSIS,CAMECO,HT 200,S-276,S/N,REGULAR,SP,1977,,4-73-018,VEHICULOS-TRANSPORTE
277,4-73-019,CHASSIS,CAMECO,HT 200,S-277,S/N,REGULAR,SP,1977,,4-73-019,VEHICULOS-TRANSPORTE
278,4-73-020,CHASSIS,CAMECO,HT 200,S-278,S/N,REGULAR,SP,1977,,4-73-020,VEHICULOS-TRANSPORTE
279,4-73-021,CHASSIS,CAMECO,HT 200,S-279,-,REGULAR,SP,1977,,4-73-021,VEHICULOS-TRANSPORTE
280,4-84-041,TRACTOR,CAMECO,235,6331977,9ON21748,REGULAR,SP,1976,,4-84-041,VEHICULOS-TRANSPORTE
281,4-84-044,TRACTOR,CAMECO,235,S-281,S/N,REGULAR,SP,1976,,4-84-044,VEHICULOS-TRANSPORTE
282,4-84-047,TRACTOR,CAMECO,235,S-282,S/N,REGULAR,SP,1976,,4-84-047,VEHICULOS-TRANSPORTE
283,4-84-051,TRACTOR,CAMECO,235,620051,9ON22086,REGULAR,SP,1976,,4-84-051,VEHICULOS-TRANSPORTE
284,4-84-056,TRACTOR,CAMECO,235,6281977,9ON22105,REGULAR,SP,1976,,4-84-056,VEHICULOS-TRANSPORTE
285,4-84-076,TRACTOR,CASE INTER.,MX 150,JJAMX05947,S/N,BUENA,SP,1999,,4-84-076,VEHICULOS-TRANSPORTE
286,4-84-077,TRACTOR,NEW HOLLAND,TM 150,303913,C6955,BUENA,SP,2003,,4-84-077,VEHICULOS-TRANSPORTE
287,4-84-078,TRACTOR,NEW HOLLAND,TM 165,313080,C71748,BUENA,SP,2004,,4-84-078,VEHICULOS-TRANSPORTE
288,4-84-079,TRACTOR,CASE INTER.,JXU 100,903656,CNH ,BUENA,SP,2004,,4-84-079,VEHICULOS-TRANSPORTE
289,4-84-080,TRACTOR,CASE INTER.,JXU 100,903675,CNH ,BUENA,SP,2004,,4-84-080,VEHICULOS-TRANSPORTE
290,4-84-081,TRACTOR,NEW HOLLAND,TL 95E,Z5CB10521,TL9ER400219,BUENA,SP,2006,,4-84-081,VEHICULOS-TRANSPORTE
291,4-84-082,TRACTOR,NEW HOLLAND,TL 95E,Z5CB10499,TL9ER400218,BUENA,SP,2006,,4-84-082,VEHICULOS-TRANSPORTE
292,4-84-083,TRACTOR,CASE INTER.,TS 100 4W,H1067,122526B,BUENA,SP,2000,,4-84-083,VEHICULOS-TRANSPORTE
293,4-84-084,TRACTOR,CASE INTER.,8910,JJA0086217,45623563,BUENA,SP,1999,,4-84-084,VEHICULOS-TRANSPORTE
294,4-84-085,TRACTOR,VALTRA,BM 110,M110215848,S/N,BUENA,SP,2008,,4-84-085,VEHICULOS-TRANSPORTE
295,4-84-086,TRACTOR,VALTRA,BM 110,M110254397,S/N,BUENA,SP,2008,,4-84-086,VEHICULOS-TRANSPORTE
296,4-84-087,TRACTOR,VALTRA,BM 110,S-296,S/N,BUENA,SP,2008,,4-84-087,VEHICULOS-TRANSPORTE
297,4-84-088,TRACTOR,,,S-297,S/N,,SP,,,4-84-088,VEHICULOS-TRANSPORTE
298,4-84-089,TRACTOR,,,S-298,S/N,,SP,,,4-84-089,VEHICULOS-TRANSPORTE
299,4-84-090,TRACTOR,,,S-299,S/N,,SP,,,4-84-090,VEHICULOS-TRANSPORTE
300,4-84-091,TRACTOR,,,S-300,S/N,,SP,,,4-84-091,VEHICULOS-TRANSPORTE
301,4-84-092,TRACTOR,,,S-301,S/N,,SP,,,4-84-092,VEHICULOS-TRANSPORTE
302,4-84-093,TRACTOR,,,S-302,S/N,,SP,,,4-84-093,VEHICULOS-TRANSPORTE
303,4-84-094,TRACTOR,,,S-303,S/N,,SP,,,4-84-094,VEHICULOS-TRANSPORTE
304,4-84-095,TRACTOR,,,S-304,S/N,,SP,,,4-84-095,VEHICULOS-TRANSPORTE
305,4-84-096,TRACTOR,,,S-305,S/N,,SP,,,4-84-096,VEHICULOS-TRANSPORTE
306,4-86-007,TRACTOR ORUGA,KOMATZU,D 31,32212,4D1055753438,REGULAR,SP,1983,,4-86-007,VEHICULOS-TRANSPORTE
307,4-86-008,TRACTOR ORUGA,,,S-307,S/N,,SP,,,4-86-008,VEHICULOS-TRANSPORTE
308,4-87-001,TRACTOR ORUGA,CATERPILLAR,DGR-XL,S-308,7GR00597,BUENA,SP,,,4-87-001,VEHICULOS-TRANSPORTE
309,4-92-001,CARRETON ,CAMECO,2-3 - TONS.,S-309,S/N,REGULAR,SP,1976,,4-92-001,VEHICULOS-TRANSPORTE
310,4-92-002,CARRETON ,CAMECO,2-3 - TONS.,S-310,S/N,REGULAR,SP,1976,,4-92-002,VEHICULOS-TRANSPORTE
311,4-92-003,CARRETON ,CAMECO,2-3 - TONS.,S-311,S/N,REGULAR,SP,1976,,4-92-003,VEHICULOS-TRANSPORTE
312,4-92-004,CARRETON ,CAMECO,2-3 - TONS.,S-312,S/N,REGULAR,SP,1976,,4-92-004,VEHICULOS-TRANSPORTE
313,4-92-005,CARRETON ,CAMECO,2-3 - TONS.,S-313,S/N,REGULAR,SP,1976,,4-92-005,VEHICULOS-TRANSPORTE
314,4-92-006,CARRETON ,CAMECO,2-3 - TONS.,S-314,S/N,REGULAR,SP,1976,,4-92-006,VEHICULOS-TRANSPORTE
315,4-92-007,CARRETON ,CAMECO,2-3 - TONS.,S-315,S/N,REGULAR,SP,1976,,4-92-007,VEHICULOS-TRANSPORTE
316,4-92-015,CARRETON ,CAMECO,2-3 - TONS.,S-316,S/N,REGULAR,SP,1976,,4-92-015,VEHICULOS-TRANSPORTE
317,4-93-001,CARRETON ,CAMECO,5 - TONS.,S-317,S/N,REGULAR,SP,1976,,4-93-001,VEHICULOS-TRANSPORTE
318,4-93-002,CARRETON ,CAMECO,5 - TONS.,S-318,S/N,REGULAR,SP,1976,,4-93-002,VEHICULOS-TRANSPORTE
319,4-93-003,CARRETON ,CAMECO,5 - TONS.,S-319,S/N,REGULAR,SP,1976,,4-93-003,VEHICULOS-TRANSPORTE
320,4-93-005,CARRETON ,CAMECO,5 - TONS.,S-320,S/N,REGULAR,SP,1976,,4-93-005,VEHICULOS-TRANSPORTE
321,4-93-006,CARRETON ,CAMECO,5 - TONS.,S-321,S/N,REGULAR,SP,1976,,4-93-006,VEHICULOS-TRANSPORTE
322,4-93-007,CARRETON ,CAMECO,5 - TONS.,S-322,S/N,REGULAR,SP,1976,,4-93-007,VEHICULOS-TRANSPORTE
323,4-93-009,CARRETON ,CAMECO,5 - TONS.,S-323,S/N,REGULAR,SP,1976,,4-93-009,VEHICULOS-TRANSPORTE
324,4-93-010,CARRETON ,CAMECO,5 - TONS.,S-324,S/N,REGULAR,SP,1976,,4-93-010,VEHICULOS-TRANSPORTE
325,4-93-011,CARRETON ,CAMECO,5 - TONS.,S-325,S/N,REGULAR,SP,1976,,4-93-011,VEHICULOS-TRANSPORTE
326,4-93-012,CARRETON ,CAMECO,5 - TONS.,S-326,S/N,REGULAR,SP,1976,,4-93-012,VEHICULOS-TRANSPORTE
327,4-93-013,CARRETON ,CAMECO,5 - TONS.,S-327,S/N,REGULAR,SP,1976,,4-93-013,VEHICULOS-TRANSPORTE
328,4-93-015,CARRETON ,CAMECO,5 - TONS.,S-328,S/N,REGULAR,SP,1976,,4-93-015,VEHICULOS-TRANSPORTE
329,4-93-016,CARRETON ,CAMECO,5 - TONS.,S-329,S/N,REGULAR,SP,1976,,4-93-016,VEHICULOS-TRANSPORTE
330,4-93-017,CARRETON ,CAMECO,5 - TONS.,S-330,S/N,REGULAR,SP,1976,,4-93-017,VEHICULOS-TRANSPORTE
331,4-93-018,CARRETON ,CAMECO,5 - TONS.,S-331,S/N,REGULAR,SP,1976,,4-93-018,VEHICULOS-TRANSPORTE
332,4-93-019,CARRETON ,CAMECO,5 - TONS.,S-332,S/N,,SP,,,4-93-019,VEHICULOS-TRANSPORTE
333,4-93-020,CARRETON ,CAMECO,5 - TONS.,S-333,S/N,,SP,,,4-93-020,VEHICULOS-TRANSPORTE
334,4-93-021,CARRETON ,CAMECO,5 - TONS.,S-334,S/N,,SP,,,4-93-021,VEHICULOS-TRANSPORTE
335,4-93-022,CARRETON ,CAMECO,5 - TONS.,S-335,S/N,,SP,,,4-93-022,VEHICULOS-TRANSPORTE
336,4-93-023,CARRETON ,CAMECO,5 - TONS.,S-336,S/N,,SP,,,4-93-023,VEHICULOS-TRANSPORTE
337,4-93-024,CARRETON ,CAMECO,5 - TONS.,S-337,S/N,,SP,,,4-93-024,VEHICULOS-TRANSPORTE
338,4-93-025,CARRETON ,CAMECO,5 - TONS.,S-338,S/N,,SP,,,4-93-025,VEHICULOS-TRANSPORTE
339,4-93-026,CARRETON ,CAMECO,5 - TONS.,S-339,S/N,,SP,,,4-93-026,VEHICULOS-TRANSPORTE
340,4-93-027,CARRETON ,CAMECO,5 - TONS.,S-340,S/N,,SP,,,4-93-027,VEHICULOS-TRANSPORTE
341,4-93-028,CARRETON ,CAMECO,5 - TONS.,S-341,S/N,,SP,,,4-93-028,VEHICULOS-TRANSPORTE
342,4-93-029,CARRETON ,CAMECO,5 - TONS.,S-342,S/N,,SP,,,4-93-029,VEHICULOS-TRANSPORTE
343,4-93-030,CARRETON ,CAMECO,5 - TONS.,S-343,S/N,,SP,,,4-93-030,VEHICULOS-TRANSPORTE
344,4-95-001,CONTENEDORES,CAMECO,15  TONS.,S-344,S/N,,SP,1977,,4-95-001,VEHICULOS-TRANSPORTE
345,4-95-002,CONTENEDORES,CAMECO,15  TONS.,S-345,S/N,,SP,1977,,4-95-002,VEHICULOS-TRANSPORTE
346,4-95-003,CONTENEDORES,CAMECO,15  TONS.,S-346,S/N,,SP,1977,,4-95-003,VEHICULOS-TRANSPORTE
347,4-95-004,CONTENEDORES,CAMECO,15  TONS.,S-347,S/N,,SP,1977,,4-95-004,VEHICULOS-TRANSPORTE
348,4-95-005,CONTENEDORES,CAMECO,15  TONS.,S-348,S/N,,SP,1977,,4-95-005,VEHICULOS-TRANSPORTE
349,4-95-008,CONTENEDORES,CAMECO,15  TONS.,S-349,S/N,,SP,1977,,4-95-008,VEHICULOS-TRANSPORTE
350,4-95-009,CONTENEDORES,CAMECO,15  TONS.,S-350,S/N,,SP,1977,,4-95-009,VEHICULOS-TRANSPORTE
351,4-95-010,CONTENEDORES,CAMECO,15  TONS.,S-351,S/N,,SP,1977,,4-95-010,VEHICULOS-TRANSPORTE
352,4-95-011,CONTENEDORES,CAMECO,15  TONS.,S-352,S/N,,SP,1977,,4-95-011,VEHICULOS-TRANSPORTE
353,4-95-012,CONTENEDORES,CAMECO,15  TONS.,S-353,S/N,,SP,1977,,4-95-012,VEHICULOS-TRANSPORTE
354,4-95-013,CONTENEDORES,CAMECO,15  TONS.,S-354,S/N,,SP,1977,,4-95-013,VEHICULOS-TRANSPORTE
355,4-95-014,CONTENEDORES,CAMECO,15  TONS.,S-355,S/N,,SP,1977,,4-95-014,VEHICULOS-TRANSPORTE
356,4-95-016,CONTENEDORES,CAMECO,15  TONS.,S-356,S/N,,SP,1977,,4-95-016,VEHICULOS-TRANSPORTE
357,4-95-017,CONTENEDORES,CAMECO,15  TONS.,S-357,S/N,,SP,1977,,4-95-017,VEHICULOS-TRANSPORTE
358,4-95-018,CONTENEDORES,CAMECO,15  TONS.,S-358,S/N,,SP,1977,,4-95-018,VEHICULOS-TRANSPORTE
359,4-95-019,CONTENEDORES,CAMECO,15  TONS.,S-359,S/N,,SP,1977,,4-95-019,VEHICULOS-TRANSPORTE
360,4-95-020,CONTENEDORES,CAMECO,15  TONS.,S-360,S/N,,SP,1977,,4-95-020,VEHICULOS-TRANSPORTE
361,4-95-021,CONTENEDORES,CAMECO,15  TONS.,S-361,S/N,,SP,1977,,4-95-021,VEHICULOS-TRANSPORTE
362,4-95-022,CONTENEDORES,CAMECO,15  TONS.,S-362,S/N,,SP,1977,,4-95-022,VEHICULOS-TRANSPORTE
363,4-95-024,CONTENEDORES,CAMECO,15  TONS.,S-363,S/N,,SP,1977,,4-95-024,VEHICULOS-TRANSPORTE
364,4-95-026,CONTENEDORES,CAMECO,15  TONS.,S-364,S/N,,SP,1977,,4-95-026,VEHICULOS-TRANSPORTE
365,4-95-028,CONTENEDORES,CAMECO,15  TONS.,S-365,S/N,,SP,1977,,4-95-028,VEHICULOS-TRANSPORTE
366,4-95-029,CONTENEDORES,CAMECO,15  TONS.,S-366,S/N,,SP,1977,,4-95-029,VEHICULOS-TRANSPORTE
367,4-95-030,CONTENEDORES,CAMECO,15  TONS.,S-367,S/N,,SP,1977,,4-95-030,VEHICULOS-TRANSPORTE
368,4-95-031,CONTENEDORES,CAMECO,15  TONS.,S-368,S/N,,SP,1977,,4-95-031,VEHICULOS-TRANSPORTE
369,4-95-033,CONTENEDORES,CAMECO,15  TONS.,S-369,S/N,,SP,1977,,4-95-033,VEHICULOS-TRANSPORTE
370,4-95-034,CONTENEDORES,CAMECO,15  TONS.,S-370,S/N,,SP,1977,,4-95-034,VEHICULOS-TRANSPORTE
371,4-95-035,CONTENEDORES,CAMECO,15  TONS.,S-371,S/N,,SP,1977,,4-95-035,VEHICULOS-TRANSPORTE
372,4-95-036,CONTENEDORES,CAMECO,15  TONS.,S-372,S/N,,SP,1977,,4-95-036,VEHICULOS-TRANSPORTE
373,4-95-037,CONTENEDORES,CAMECO,15  TONS.,S-373,S/N,,SP,1977,,4-95-037,VEHICULOS-TRANSPORTE
374,4-95-038,CONTENEDORES,CAMECO,15  TONS.,S-374,S/N,,SP,1977,,4-95-038,VEHICULOS-TRANSPORTE
375,4-95-039,CONTENEDORES,CAMECO,15  TONS.,S-375,S/N,,SP,1977,,4-95-039,VEHICULOS-TRANSPORTE
376,4-95-040,CONTENEDORES,CAMECO,15  TONS.,S-376,S/N,,SP,1977,,4-95-040,VEHICULOS-TRANSPORTE
377,4-95-041,CONTENEDORES,CAMECO,15  TONS.,S-377,S/N,,SP,1977,,4-95-041,VEHICULOS-TRANSPORTE
378,4-95-042,CONTENEDORES,CAMECO,15  TONS.,S-378,S/N,,SP,1977,,4-95-042,VEHICULOS-TRANSPORTE
379,4-95-043,CONTENEDORES,CAMECO,15  TONS.,S-379,S/N,,SP,1977,,4-95-043,VEHICULOS-TRANSPORTE
380,4-95-044,CONTENEDORES,CAMECO,15  TONS.,S-380,S/N,,SP,1977,,4-95-044,VEHICULOS-TRANSPORTE
381,4-95-045,CONTENEDORES,CAMECO,15  TONS.,S-381,S/N,,SP,1977,,4-95-045,VEHICULOS-TRANSPORTE
382,4-95-047,CONTENEDORES,CAMECO,15  TONS.,S-382,S/N,,SP,1977,,4-95-047,VEHICULOS-TRANSPORTE
383,4-95-048,CONTENEDORES,CAMECO,15  TONS.,S-383,S/N,,SP,1977,,4-95-048,VEHICULOS-TRANSPORTE
384,4-95-050,CONTENEDORES,CAMECO,15  TONS.,S-384,S/N,,SP,1977,,4-95-050,VEHICULOS-TRANSPORTE
385,4-95-051,CONTENEDORES,CAMECO,15  TONS.,S-385,S/N,,SP,1977,,4-95-051,VEHICULOS-TRANSPORTE
386,4-95-052,CONTENEDORES,CAMECO,15  TONS.,S-386,S/N,,SP,1977,,4-95-052,VEHICULOS-TRANSPORTE
387,4-95-053,CONTENEDORES,CAMECO,15  TONS.,S-387,S/N,,SP,1977,,4-95-053,VEHICULOS-TRANSPORTE
388,4-95-054,CONTENEDORES,CAMECO,15  TONS.,S-388,S/N,,SP,1977,,4-95-054,VEHICULOS-TRANSPORTE
389,4-95-055,CONTENEDORES,CAMECO,15  TONS.,S-389,S/N,,SP,1977,,4-95-055,VEHICULOS-TRANSPORTE
390,4-95-056,CONTENEDORES,CAMECO,15  TONS.,S-390,S/N,,SP,1977,,4-95-056,VEHICULOS-TRANSPORTE
391,4-95-057,CONTENEDORES,CAMECO,15  TONS.,S-391,S/N,,SP,1977,,4-95-057,VEHICULOS-TRANSPORTE
392,4-95-058,CONTENEDORES,CAMECO,15  TONS.,S-392,S/N,,SP,1977,,4-95-058,VEHICULOS-TRANSPORTE
393,4-95-059,CONTENEDORES,CAMECO,15  TONS.,S-393,S/N,,SP,1977,,4-95-059,VEHICULOS-TRANSPORTE
394,4-95-060,CONTENEDORES,CAMECO,15  TONS.,S-394,S/N,,SP,1977,,4-95-060,VEHICULOS-TRANSPORTE
395,4-95-061,CONTENEDORES,CAMECO,15  TONS.,S-395,S/N,,SP,1977,,4-95-061,VEHICULOS-TRANSPORTE
396,4-95-062,CONTENEDORES,CAMECO,15  TONS.,S-396,S/N,,SP,1977,,4-95-062,VEHICULOS-TRANSPORTE
397,4-95-063,CONTENEDORES,CAMECO,15  TONS.,S-397,S/N,,SP,1977,,4-95-063,VEHICULOS-TRANSPORTE
398,4-95-065,CONTENEDORES,CAMECO,15  TONS.,S-398,S/N,,SP,1977,,4-95-065,VEHICULOS-TRANSPORTE
399,4-95-066,CONTENEDORES,CAMECO,15  TONS.,S-399,S/N,,SP,1977,,4-95-066,VEHICULOS-TRANSPORTE
400,4-95-067,CONTENEDORES,CAMECO,15  TONS.,S-400,S/N,,SP,1977,,4-95-067,VEHICULOS-TRANSPORTE
401,4-95-068,CONTENEDORES,CAMECO,15  TONS.,S-401,S/N,,SP,1977,,4-95-068,VEHICULOS-TRANSPORTE
402,4-95-069,CONTENEDORES,CAMECO,15  TONS.,S-402,S/N,,SP,1977,,4-95-069,VEHICULOS-TRANSPORTE
403,4-95-070,CONTENEDORES,CAMECO,15  TONS.,S-403,S/N,,SP,1977,,4-95-070,VEHICULOS-TRANSPORTE
404,4-95-071,CONTENEDORES,CAMECO,15  TONS.,S-404,S/N,,SP,1977,,4-95-071,VEHICULOS-TRANSPORTE
405,4-95-073,CONTENEDORES,CAMECO,15  TONS.,S-405,S/N,,SP,1977,,4-95-073,VEHICULOS-TRANSPORTE
406,4-95-074,CONTENEDORES,CAMECO,15  TONS.,S-406,S/N,,SP,1977,,4-95-074,VEHICULOS-TRANSPORTE
407,4-95-075,CONTENEDORES,CAMECO,15  TONS.,S-407,S/N,,SP,1977,,4-95-075,VEHICULOS-TRANSPORTE
408,4-95-076,CONTENEDORES,CAMECO,15  TONS.,S-408,S/N,,SP,1977,,4-95-076,VEHICULOS-TRANSPORTE
409,4-95-077,CONTENEDORES,CAMECO,15  TONS.,S-409,S/N,,SP,1977,,4-95-077,VEHICULOS-TRANSPORTE
410,4-95-078,CONTENEDORES,CAMECO,15  TONS.,S-410,S/N,,SP,1977,,4-95-078,VEHICULOS-TRANSPORTE
411,4-95-079,CONTENEDORES,CAMECO,15  TONS.,S-411,S/N,,SP,1977,,4-95-079,VEHICULOS-TRANSPORTE
412,4-95-080,CONTENEDORES,CAMECO,15  TONS.,S-412,S/N,,SP,1977,,4-95-080,VEHICULOS-TRANSPORTE
413,4-95-081,CONTENEDORES,CAMECO,15  TONS.,S-413,S/N,,SP,1977,,4-95-081,VEHICULOS-TRANSPORTE
414,4-95-082,CONTENEDORES,CAMECO,15  TONS.,S-414,S/N,,SP,1977,,4-95-082,VEHICULOS-TRANSPORTE
415,4-95-083,CONTENEDORES,CAMECO,15  TONS.,S-415,S/N,,SP,1977,,4-95-083,VEHICULOS-TRANSPORTE
416,4-95-087,CONTENEDORES,CAMECO,15  TONS.,S-416,S/N,,SP,1977,,4-95-087,VEHICULOS-TRANSPORTE
417,4-95-088,CONTENEDORES,CAMECO,15  TONS.,S-417,S/N,,SP,1977,,4-95-088,VEHICULOS-TRANSPORTE
418,4-95-089,CONTENEDORES,CAMECO,15  TONS.,S-418,S/N,,SP,1977,,4-95-089,VEHICULOS-TRANSPORTE
419,4-95-090,CONTENEDORES,CAMECO,15  TONS.,S-419,S/N,,SP,1977,,4-95-090,VEHICULOS-TRANSPORTE
420,4-95-091,CONTENEDORES,CAMECO,15  TONS.,S-420,S/N,,SP,1977,,4-95-091,VEHICULOS-TRANSPORTE
421,4-95-092,CONTENEDORES,CAMECO,15  TONS.,S-421,S/N,,SP,1977,,4-95-092,VEHICULOS-TRANSPORTE
422,4-95-093,CONTENEDORES,CAMECO,15  TONS.,S-422,S/N,,SP,1977,,4-95-093,VEHICULOS-TRANSPORTE
423,4-95-094,CONTENEDORES,CAMECO,15  TONS.,S-423,S/N,,SP,1977,,4-95-094,VEHICULOS-TRANSPORTE
424,4-95-095,CONTENEDORES,CAMECO,15  TONS.,S-424,S/N,,SP,1977,,4-95-095,VEHICULOS-TRANSPORTE
425,4-95-096,CONTENEDORES,CAMECO,15  TONS.,S-425,S/N,,SP,1977,,4-95-096,VEHICULOS-TRANSPORTE
426,4-95-097,CONTENEDORES,CAMECO,15  TONS.,S-426,S/N,,SP,1977,,4-95-097,VEHICULOS-TRANSPORTE
427,4-95-099,CONTENEDORES,CAMECO,15  TONS.,S-427,S/N,,SP,1977,,4-95-099,VEHICULOS-TRANSPORTE
428,4-95-100,CONTENEDORES,CAMECO,15  TONS.,S-428,S/N,,SP,1977,,4-95-100,VEHICULOS-TRANSPORTE
429,4-95-101,CONTENEDORES,CAMECO,15  TONS.,S-429,S/N,,SP,1977,,4-95-101,VEHICULOS-TRANSPORTE
430,4-95-102,CONTENEDORES,CAMECO,15  TONS.,S-430,S/N,,SP,1977,,4-95-102,VEHICULOS-TRANSPORTE
431,4-95-103,CONTENEDORES,CAMECO,15  TONS.,S-431,S/N,,SP,1977,,4-95-103,VEHICULOS-TRANSPORTE
432,4-95-104,CONTENEDORES,CAMECO,15  TONS.,S-432,S/N,,SP,1977,,4-95-104,VEHICULOS-TRANSPORTE
433,4-95-106,CONTENEDORES,CAMECO,15  TONS.,S-433,S/N,,SP,1977,,4-95-106,VEHICULOS-TRANSPORTE
434,4-95-107,CONTENEDORES,CAMECO,15  TONS.,S-434,S/N,,SP,1977,,4-95-107,VEHICULOS-TRANSPORTE
435,4-95-109,CONTENEDORES,CAMECO,15  TONS.,S-435,S/N,,SP,1977,,4-95-109,VEHICULOS-TRANSPORTE
436,4-95-110,CONTENEDORES,CAMECO,15  TONS.,S-436,S/N,,SP,1977,,4-95-110,VEHICULOS-TRANSPORTE
437,4-95-111,CONTENEDORES,CAMECO,15  TONS.,S-437,S/N,,SP,1977,,4-95-111,VEHICULOS-TRANSPORTE
438,4-95-112,CONTENEDORES,CAMECO,15  TONS.,S-438,S/N,,SP,1977,,4-95-112,VEHICULOS-TRANSPORTE
439,4-95-113,CONTENEDORES,CAMECO,15  TONS.,S-439,S/N,,SP,1977,,4-95-113,VEHICULOS-TRANSPORTE
440,4-95-114,CONTENEDORES,CAMECO,15  TONS.,S-440,S/N,,SP,1977,,4-95-114,VEHICULOS-TRANSPORTE
441,4-95-115,CONTENEDORES,CAMECO,15  TONS.,S-441,S/N,,SP,1977,,4-95-115,VEHICULOS-TRANSPORTE
442,4-95-116,CONTENEDORES,CAMECO,15  TONS.,S-442,S/N,,SP,1977,,4-95-116,VEHICULOS-TRANSPORTE
443,4-95-117,CONTENEDORES,CAMECO,15  TONS.,S-443,S/N,,SP,1977,,4-95-117,VEHICULOS-TRANSPORTE
444,4-95-119,CONTENEDORES,CAMECO,15  TONS.,S-444,S/N,,SP,1977,,4-95-119,VEHICULOS-TRANSPORTE
445,4-95-120,CONTENEDORES,CAMECO,15  TONS.,S-445,S/N,,SP,1977,,4-95-120,VEHICULOS-TRANSPORTE
446,4-95-121,CONTENEDORES,CAMECO,15  TONS.,S-446,S/N,,SP,1977,,4-95-121,VEHICULOS-TRANSPORTE
447,4-95-124,CONTENEDORES,CAMECO,15  TONS.,S-447,S/N,,SP,1977,,4-95-124,VEHICULOS-TRANSPORTE
448,4-95-126,CONTENEDORES,CAMECO,15  TONS.,S-448,S/N,,SP,1977,,4-95-126,VEHICULOS-TRANSPORTE
449,4-95-127,CONTENEDORES,CAMECO,15  TONS.,S-449,S/N,,SP,1977,,4-95-127,VEHICULOS-TRANSPORTE
450,4-95-128,CONTENEDORES,CAMECO,15  TONS.,S-450,S/N,,SP,1977,,4-95-128,VEHICULOS-TRANSPORTE
451,4-95-129,CONTENEDORES,CAMECO,15  TONS.,S-451,S/N,,SP,1977,,4-95-129,VEHICULOS-TRANSPORTE
452,4-95-130,CONTENEDORES,CAMECO,15  TONS.,S-452,S/N,,SP,1977,,4-95-130,VEHICULOS-TRANSPORTE
453,4-95-131,CONTENEDORES,CAMECO,15  TONS.,S-453,S/N,,SP,1977,,4-95-131,VEHICULOS-TRANSPORTE
454,4-95-132,CONTENEDORES,CAMECO,15  TONS.,S-454,S/N,,SP,1977,,4-95-132,VEHICULOS-TRANSPORTE
455,4-95-146,CONTENEDORES,CAMECO,15  TONS.,S-455,S/N,,SP,1977,,4-95-146,VEHICULOS-TRANSPORTE
456,4-99-001,TANQUE CISTERNA,BUTLER,,S-456,S/N,,SP,,,4-99-001,VEHICULOS-TRANSPORTE
457,4-99-002,TANQUE CISTERNA,BUTLER,,S-457,S/N,,SP,,,4-99-002,VEHICULOS-TRANSPORTE
458,4-99-003,TANQUE CISTERNA,POLAR AMERICAN,,S-458,S/N,,SP,,,4-99-003,VEHICULOS-TRANSPORTE
